Year_Index,Current_Ratio,Quick_Ratio,Working_Capital_NAD_000,Working_Capital_USD_000,EBITDA_Margin,Operating_Margin,Net_Margin,CFO_NAD_000,CFI_NAD_000,CFF_NAD_000,CFO_USD_000,CFI_USD_000,CFF_USD_000,Free_Cash_Flow_NAD_000,Free_Cash_Flow_USD_000,Cash_Runway_Months
1,inf,inf,19958.791666666664,1072.0875540451455,-1029083333333.3334,-1072127314814.8148,-1072127314814.8148,-11896.555555555557,22618.0,0.0,-639.3060199694339,1218.9522190224006,0.0,893.4537037037036,48.30384992108057,22.560205690498304
2,45.183695025750865,44.545151091442904,14924.583333333328,787.6406418392372,-706833333333.3333,-789652777777.7777,-789652777777.7777,-8830.944444444443,0.0,0.0,-465.85918624931867,0.0,0.0,-735.912037037037,-38.82159885410989,20.5946839641791
3,20.262267951294554,19.594046400635634,6224.2916666666615,322.8125336474059,-740416666666.6666,-823236111111.1112,-823236111111.1112,-8883.63888888889,0.0,0.0,-460.05771537762047,0.0,0.0,-740.3032407407409,-38.33814294813504,8.55686501769762
4,-7.554020762967478,-8.222291753319686,-2810.2083333333376,-142.47141786077316,-763416666666.6666,-846236111111.111,-846236111111.111,-9159.638888888889,0.0,0.0,-465.9060458774172,0.0,0.0,-763.3032407407408,-38.825503823118105,-3.534933136619238
5,-35.438288380653965,-36.05021731466412,-12130.458333333338,-605.7580159619174,-787916666666.6666,-870736111111.1112,-870736111111.1112,-9228.055555555557,0.0,0.0,-461.2374115567999,0.0,0.0,-769.0046296296297,-38.436450963066655,-15.906941715669726
