{
  "policies": {
    "source": "Working_Capital_Tax",
    "AR_days": 21.0,
    "INV_days": 20.0,
    "AP_days": 30.0,
    "COGS_ratio": 0.6
  },
  "first_12_nwc_cf": {
    "1": -0.0,
    "2": -0.0,
    "3": -0.0,
    "4": -0.0,
    "5": -0.0,
    "6": -0.0,
    "7": -2598.969392127989,
    "8": 704.2849770378884,
    "9": 550.3443814580935,
    "10": 235.69615384615395,
    "11": -101.21127109020131,
    "12": -205.7482276119399
  }
}