{
  "columns": [
    "Month_Index",
    "CFO_NAD_000",
    "CFI_NAD_000",
    "CFF_NAD_000"
  ],
  "head": {
    "Month_Index": [
      1,
      2,
      3,
      4,
      5,
      6,
      7,
      8,
      9,
      10,
      11,
      12
    ],
    "CFO_NAD_000": [
      -1472.6388888888891,
      -363.7500000000001,
      -1029.0833333333335,
      -1029.0833333333335,
      -1029.0833333333335,
      -1029.0833333333335,
      -1029.0833333333335,
      -1029.0833333333335,
      -1029.0833333333335,
      -1029.0833333333335,
      -1029.0833333333335,
      -798.4166666666667
    ],
    "CFI_NAD_000": [
      3372.0,
      8050.0,
      0.0,
      1800.0,
      2000.0,
      4500.0,
      1580.0,
      1316.0,
      0.0,
      0.0,
      0.0,
      0.0
    ],
    "CFF_NAD_000": [
      0.0,
      0.0,
      0.0,
      0.0,
      0.0,
      0.0,
      0.0,
      0.0,
      0.0,
      0.0,
      0.0,
      0.0
    ]
  }
}